,Data Type,Loader Level,Loader Name,Loader Type,数据表名,查询条件,问题,关键字
0,_,Summary,parameter_wafer_inline,Tall,dws_met_inline_pam_wf,start_time(2023-01-01 14:35:00;2023-01-01 14:35:14)、product_type、product_id(Y086D)、measure_stage、lot_id(A29T216)、wafer_id(A29T216#04;A29T216#06;A29T216#05;A29T216#02;A29T216#09;A29T216#01;A29T216#03;A29T216#08;A29T216#07)、paramter_name、lot_type(R)、chart_type(NK)、measure_step_seq,1.查看某一MET参数均值的趋势,MET、INLINE、量测、参数、Parameter、item、汇总、均值、中位数、标准差、统计值
1,Inline,Raw,parameter_rawdata_inline,Tall,dwd_met_inline_dtl_v,start_time、product_type、product_id、measure_stage、lot_id、wafer_id、paramter_name、lot_type、chart_type、measure_step_seq,"1.查看某一个MET parameter过去2个月的Xbar-R/S Trend及Rawdata chart；
2.查看某一个量测参数，某一wafer的sitemap叠图和gallery",MET、INLINE、量测、参数、Parameter、item、汇总、明细、Raw、Rawdata
2,Defect,Summary,kt_wafer,Tall,dwd_insp_wafer_summary_v,时间、product_type、product_id、layer、stage、eqp_id、Lot、Wafer,"1.查看过去两个月，某款产品的DEFECT MAP
2.查看过去一周，某个Layer的DEFECT趋势",DEFECT、缺陷、DEFECT MAP、Total DEFECT、DEFECT趋势、True Count、DEFECT Density、DD
3,Defect,Summary,kt_class,Tall,dws_defect_class_wf,时间、product_type、product_id(nan)、layer、Lot、Wafer、class_type(nan)、class_name(nan)、class_code(nan),"1.查看过去两个月，某款产品的code是A的趋势
2.查看过去一周，某个Layer的rough bin是B的趋势",DEFECT、缺陷、Rough bin、Fine Bin、Manual Bin、Class、Code、缺陷类别
4,Defect,Raw,rawdata_chart,Tall,dwd_defect_chart_wafer,时间、product_type、product_id(nan)、layer(nan)、Lot、Wafer、stage、parameter_type(nan)、chart_id(nan)、lot_type(nan)、measure_step_seq,"1.查看过去两个月，某款产品的chart是B的趋势
2.查看过去一周，某个Layer的chart是B的趋势",DEFECT、缺陷、chart
5,Defect,Raw,rawdata_ktC7:E7,Tall,dwd_insp_defect_v,时间、product_type、product_id、layer、test_id、Lot、Wafer、rough_bin_class&bin_name、class_number&class_name、fine_class&fine_number,"1.查看过去两个月，某款产品的DEFECT MAP
2.查看过去一周，某个Layer，某个wafer的MAP",DEFECT、缺陷 MAP、code Map、坐标、明细、raw、rawdata
6,WS,Summary,bin_wafer,Tall,dws_ws_hardbin_wf,start_time(2022-10-30 09:48:49;2022-05-16 11:01:17;2022-05-27 01:15:22;2023-09-23 22:46:07;2022-06-14 14:22:18;2022-06-13 23:59:15;2022-04-05 23:05:03;2022-12-04 00:33:24;2022-06-02 03:11:28;2022-11-04 02:52:19;2022-06-15 01:48:31;2022-12-14 10:24:56;2022-11-22 10:42:45;2023-10-08 03:11:43;2022-06-02 23:48:04;2022-05-24 20:29:34;2022-12-15 10:56:03;2022-11-01 16:11:18;2022-05-17 21:28:24;2022-05-28 18:27:53;2023-10-11 11:13:21;2023-09-24 11:05:24;2022-11-01 13:47:18;2022-05-17 03:14:29;2023-10-12 20:43:52;2023-10-12 11:31:49;2022-11-08 05:43:50;2022-10-03 22:54:13;2022-10-30 19:22:40;2022-05-27 23:28:34;2022-06-24 02:29:38;2022-06-14 03:35:05;2022-10-18 02:29:13;2022-10-19 12:31:23;2022-04-09 02:44:11;2022-06-12 05:33:57;2023-09-11 21:30:12;2022-10-26 16:36:46;2022-06-12 03:30:47;2022-05-17 16:45:05;2022-06-24 01:48:10;2022-11-02 00:19:52;2022-06-25 13:41:13;2019-09-27 01:15:52;2023-10-08 06:16:48;2022-05-29 08:42:24;2023-10-08 12:14:48;2022-06-22 22:13:13;2022-10-19 21:51:22;2022-05-24 15:47:13;2022-06-13 00:14:36;2022-11-04 20:24:31;2022-10-23 12:44:10;2023-09-11 23:10:05;2022-10-17 15:18:57;2022-09-27 06:51:16;2022-05-28 01:37:51;2023-10-11 14:24:57;2022-11-20 10:13:35;2022-10-19 09:57:39;2022-06-02 01:36:01;2022-06-22 14:52:49;2022-04-08 00:57:35;2023-10-12 14:01:01;2022-10-22 16:54:57;2022-09-27 10:33:52;2022-10-21 10:43:43;2022-06-09 11:51:09;2022-06-09 21:56:07;2022-06-11 20:49:13;2022-11-19 09:58:13;2022-09-28 02:29:40;2023-11-05 16:50:59;2022-10-29 02:46:28;2022-10-29 09:29:52;2022-06-26 05:55:49;2023-11-05 14:36:00;2022-11-05 00:56:56;2022-04-08 22:25:57;2022-06-11 21:58:59;2022-10-19 15:01:17;2022-06-16 08:12:42;2022-06-12 20:33:41;2022-10-05 22:40:06;2022-10-30 23:55:26;2022-12-11 15:49:56;2022-10-23 03:26:17;2022-06-01 09:48:35;2022-10-28 00:35:13;2022-10-29 00:30:55;2023-10-12 02:49:50;2022-06-12 03:35:02;2022-05-21 14:08:40;2022-06-14 03:37:45;2022-11-05 03:07:36;2022-06-13 10:31:56;2022-04-05 09:22:55;2022-06-11 15:36:37;2022-06-15 04:26:11;2022-10-04 18:21:02;2023-09-24 01:56:06;2022-06-24 13:04:37;2022-06-03 03:17:46;2022-06-02 10:33:02;2022-06-12 09:55:42;2022-06-13 03:05:44;2023-10-08 04:44:39;2022-05-25 15:37:03;2023-11-05 20:08:48;2023-11-05 16:04:35;2022-12-09 23:18:17;2022-12-13 11:38:55;2023-09-23 20:23:07;2022-11-03 09:32:43;2022-11-06 06:57:44;2023-10-30 12:15:31;2022-11-07 19:51:53;2022-05-28 23:33:30;2022-06-01 00:37:09;2023-11-05 22:40:28;2022-11-22 20:30:36;2023-10-30 09:53:23;2022-06-03 10:29:40;2022-06-02 14:19:17;2022-12-17 05:26:30;2022-09-28 15:11:17;2022-05-28 08:23:54;2023-11-06 05:23:50;2022-11-04 07:02:55;2022-06-24 19:57:41;2022-06-14 01:22:27;2022-12-16 22:12:03;2022-04-06 11:36:57;2023-11-05 17:45:12;2023-10-15 05:48:28;2022-12-04 06:54:44;2022-11-17 23:04:16;2022-06-13 03:23:09;2022-12-05 04:02:57;2023-10-30 10:46:24;2022-05-17 06:59:18;2022-05-25 21:51:26;2022-06-10 23:46:30;2022-06-12 11:35:11;2022-06-01 22:09:41;2022-06-13 22:36:22;2022-11-21 22:27:43;2022-10-15 21:18:28;2022-06-25 04:21:18;2022-06-03 19:16:37;2023-10-08 11:32:17;2022-10-06 06:28:26;2022-06-12 01:42:17;2022-11-05 15:37:53;2022-06-13 22:10:22;2022-11-07 10:07:04;2023-10-11 07:52:56;2022-06-12 13:32:39;2022-11-06 11:51:41;2022-11-03 14:25:41;2022-10-18 15:54:46;2022-12-02 19:02:31;2022-06-10 12:44:10;2022-10-24 00:26:20;2023-10-15 02:28:29;2022-05-17 16:39:24;2022-12-14 22:35:05;2022-05-29 09:48:31;2022-06-24 09:17:48;2022-06-08 23:02:41;2022-06-12 12:18:15;2022-05-31 06:33:25;2022-11-04 10:09:12;2022-05-29 15:49:16;2022-11-04 05:39:32;2023-10-08 05:35:22;2022-06-15 10:01:45;2022-05-16 14:28:41;2022-06-13 03:40:41;2022-11-01 21:08:34;2022-06-12 16:18:25;2022-09-27 21:50:21;2022-05-25 22:38:21;2022-06-01 00:54:10;2022-06-09 09:38:39;2023-10-08 10:29:36;2023-09-24 15:03:21;2022-05-27 16:58:05;2022-10-16 08:53:55;2022-04-07 10:36:24;2022-06-01 13:15:08;2022-06-23 06:19:10;2022-06-11 19:03:58;2022-06-08 03:00:22;2022-06-10 16:48:00;2022-06-24 05:21:31;2022-10-23 15:10:20;2022-11-04 16:07:26;2022-11-06 16:50:50;2022-06-08 08:40:06;2022-06-15 15:45:57;2022-09-25 10:25:30;2022-10-15 18:27:31;2022-06-11 21:50:47;2022-10-19 03:05:07;2022-10-29 05:01:49;2023-10-11 12:46:23;2022-06-12 08:00:03;2023-10-14 23:56:34;2022-06-16 05:22:10;2022-05-26 06:06:25;2022-06-13 09:03:03;2022-04-08 09:03:51;2022-10-14 21:24:53;2022-06-12 03:29:29;2023-10-15 03:46:45;2022-06-09 21:43:56;2022-05-27 18:19:49;2022-06-12 23:04:12;2023-10-15 10:54:25;2023-10-15 12:19:17;2022-11-04 20:29:55;2022-06-24 12:28:00;2023-10-30 12:59:22;2022-11-03 04:56:05;2022-12-05 01:54:51;2023-10-15 13:46:06;2022-06-01 00:37:23;2023-10-15 14:26:41;2023-09-24 07:45:04;2022-10-25 21:50:56;2023-10-15 01:49:57;2022-10-21 13:15:55;2022-05-26 02:25:10;2023-09-12 05:01:59;2022-05-28 13:37:50;2022-06-16 02:53:26;2022-05-17 02:15:25;2022-06-12 10:01:24;2022-11-18 08:36:12;2022-12-11 07:41:29;2022-06-23 10:13:20;2023-10-30 23:30:34;2023-10-30 22:43:26;2022-05-31 09:35:33;2022-11-19 23:28:51;2022-11-04 06:24:28;2022-10-26 19:10:35;2022-06-13 07:52:36;2022-06-12 15:53:51;2022-05-29 13:16:14;2022-10-24 04:53:48;2023-10-30 16:08:24;2022-05-25 09:05:48;2022-06-11 12:46:46;2022-06-11 16:21:50;2022-06-08 11:23:20;2022-11-21 08:33:59;2022-12-14 04:16:32;2022-11-03 23:18:59;2023-10-08 13:06:59;2022-06-11 17:46:30;2022-06-11 18:50:49;2023-10-08 01:04:03;2023-09-11 22:23:01;2023-10-08 13:51:21;2022-10-04 10:15:45;2022-06-12 08:13:01;2022-11-03 06:26:34;2022-12-05 16:13:07;2022-06-16 05:41:35;2022-12-17 00:23:34;2023-10-15 10:10:27;2023-10-11 14:29:16;2022-11-04 12:15:43;2022-04-05 04:38:46;2022-11-19 12:13:15;2022-05-26 16:22:13;2022-06-11 04:43:35;2022-10-24 07:02:48;2022-12-15 06:46:52;2023-10-11 15:10:01;2022-11-03 00:13:22;2022-04-08 01:37:25;2022-11-04 11:45:11;2022-05-31 20:57:43;2022-06-15 02:06:07;2022-12-04 09:01:35;2022-09-26 12:32:20;2022-05-31 14:05:07;2022-06-24 08:54:34;2022-11-04 18:18:05;2023-10-11 12:44:01;2023-09-23 21:14:39;2022-05-29 14:16:24;2023-09-24 01:12:34;2022-12-11 05:19:24;2023-10-08 02:32:26;2022-05-29 06:28:04;2022-06-13 14:18:08;2022-06-09 04:07:54;2023-11-06 07:59:54;2022-10-26 04:57:11;2022-06-03 07:52:10;2023-09-12 05:46:20;2022-10-29 11:46:06;2022-12-11 02:29:38;2022-06-13 05:40:47;2022-05-29 01:56:51;2023-10-15 07:14:56;2022-06-02 05:05:11;2022-11-21 18:18:48;2022-12-02 14:46:43;2022-06-17 20:42:10;2022-05-21 09:08:43;2023-09-24 14:19:31;2022-06-08 14:14:07;2022-06-12 12:28:32;2023-10-12 12:16:45;2023-10-12 05:07:04;2022-05-27 08:29:23;2022-05-26 08:04:58;2022-11-22 06:00:13;2022-11-05 21:02:33;2022-10-03 20:20:36;2022-10-05 20:00:16;2023-10-30 06:48:11;2022-11-02 17:03:49;2023-10-11 21:47:08;2022-05-27 04:06:20;2022-06-10 10:41:21;2022-11-04 13:57:10;2022-05-31 17:20:48;2022-11-04 18:13:26;2022-06-08 19:32:16;2022-10-23 08:06:21;2022-12-13 06:32:10;2022-12-02 01:22:11;2022-06-12 05:49:45;2023-09-11 18:53:42;2022-12-05 11:49:32;2022-11-18 17:04:11;2022-04-04 17:51:35;2022-06-12 19:53:31;2022-06-11 20:05:16;2023-10-14 22:00:45;2023-10-11 17:01:26;2022-10-17 09:57:02;2022-06-24 05:54:56;2022-05-27 23:10:18;2022-04-08 05:05:13;2022-12-10 06:01:15;2022-12-01 18:41:50;2022-06-09 19:37:12;2022-09-26 13:42:17;2022-12-01 04:57:38;2022-06-23 02:36:28;2023-10-31 00:15:21;2022-11-02 23:38:59;2022-11-03 07:11:32;2023-10-11 08:41:23;2023-10-14 23:14:33;2023-10-31 01:01:59;2022-05-27 10:42:26;2022-09-25 00:49:54;2022-09-24 18:50:33;2022-10-24 19:16:51;2022-05-30 11:02:15;2022-12-03 16:01:57;2022-05-17 07:26:10;2022-12-15 04:37:39;2023-09-24 08:39:59;2023-11-06 00:55:53;2022-06-13 06:48:59;2022-06-17 05:19:05;2023-10-11 10:31:36;2023-10-12 00:47:10;2022-06-09 05:50:57;2022-10-28 03:03:29;2022-06-14 03:29:00;2022-09-27 19:25:51;2022-05-16 12:08:39;2022-06-09 06:18:17;2022-04-06 06:58:25;2022-06-01 20:12:19;2022-06-12 18:03:23;2022-10-27 22:21:38;2022-06-17 13:33:38;2022-05-22 22:29:20;2022-06-12 10:19:08;2022-06-22 14:44:55;2022-06-12 01:24:57;2023-09-12 00:00:19;2022-06-01 13:54:02;2023-10-15 08:44:53;2022-10-24 02:39:06;2022-05-27 08:30:50;2023-10-12 00:02:13;2022-06-15 15:36:17;2022-06-11 23:50:11;2022-11-08 10:42:55;2022-05-28 06:46:53;2022-06-12 19:55:46;2022-04-06 07:44:56;2022-10-18 08:54:54;2022-05-26 16:03:13;2023-10-15 04:24:46;2022-11-03 07:14:34;2022-06-02 01:48:59;2022-12-18 02:49:02;2022-06-15 21:06:05;2022-10-17 18:44:34;2022-12-01 01:38:19;2022-06-14 20:39:53;2022-10-21 19:59:30;2022-12-14 20:31:46;2023-09-12 08:57:14;2022-12-10 08:18:13;2022-05-30 23:26:03;2022-06-25 07:53:35;2022-09-25 19:24:12;2023-10-11 23:16:57;2022-06-11 11:42:32;2022-11-02 12:26:48;2022-06-14 08:21:08;2022-06-14 09:51:58;2022-06-17 10:43:59;2023-10-12 09:04:53;2022-06-26 18:30:37;2022-10-03 17:51:20;2022-12-10 17:33:04;2022-06-08 10:43:09;2022-06-10 08:25:31;2022-10-29 16:21:11;2022-06-08 15:17:39;2022-06-26 10:09:54;2022-05-28 14:56:48;2022-10-26 23:47:04;2022-05-27 14:53:22;2022-09-25 18:47:48;2022-06-25 15:36:01;2022-05-31 13:47:00;2022-11-18 21:13:30;2023-09-24 04:38:50;2022-05-28 21:24:54;2022-06-09 15:08:13;2022-11-02 04:25:10;2022-12-03 06:31:21;2022-06-09 14:14:46;2022-11-03 20:50:06;2022-06-11 16:05:27;2022-05-27 13:47:10;2023-10-11 21:45:06;2022-05-31 10:18:16;2022-11-03 02:25:54;2022-06-01 13:17:21;2022-11-19 19:51:21;2022-04-03 14:06:29;2022-06-24 16:32:48;2022-12-02 05:29:01;2022-06-23 14:10:40;2022-06-16 12:49:52;2023-09-12 10:36:35;2022-11-08 00:55:49;2022-06-13 12:20:16;2022-06-13 10:16:32;2022-06-14 02:05:13;2022-10-05 09:47:32;2023-10-11 20:46:01;2022-06-23 10:45:44;2022-06-13 01:20:31;2022-12-01 08:14:51;2022-09-24 01:55:17;2022-06-23 17:51:30;2023-10-12 10:46:20;2023-10-14 22:38:05;2022-09-25 21:55:07;2022-10-21 18:23:20;2022-04-05 22:07:05;2022-12-16 04:39:13;2023-10-12 06:48:43;2022-05-17 11:48:52;2022-06-24 23:23:07;2022-05-28 18:04:55;2022-06-12 15:41:58;2022-05-16 23:55:02;2023-09-24 12:45:22;2022-04-08 12:58:54;2022-06-13 06:06:13;2022-05-24 00:55:09;2022-12-02 16:59:10;2022-06-11 12:02:37;2022-06-03 00:42:44;2022-05-31 21:52:14;2022-10-18 21:34:32;2022-09-27 17:33:29;2022-05-30 17:56:38;2022-05-22 00:21:53;2022-09-23 21:54:33;2022-10-20 23:39:48;2022-06-14 23:32:20;2022-06-12 17:48:15;2022-11-04 04:59:24;2023-10-30 14:39:52;2023-10-11 07:05:15;2023-09-24 02:40:17;2022-06-12 19:55:14;2022-05-27 01:39:14;2022-12-16 11:01:27;2022-05-17 04:15:08;2022-06-23 21:27:38;2022-10-18 22:07:14;2022-06-13 22:57:47;2022-10-06 03:55:31;2022-06-12 01:03:19;2022-11-19 08:37:13;2022-09-27 15:04:07;2022-06-16 15:58:20;2022-06-14 01:23:32;2022-05-25 18:51:11;2022-10-31 08:24:03;2022-05-17 14:31:48;2022-10-04 15:49:45;2022-11-04 01:02:45;2022-12-04 22:23:41;2022-06-12 11:43:43;2022-12-11 09:56:37;2022-05-23 05:52:26;2022-11-04 16:07:20;2022-04-08 12:18:44;2022-06-26 13:48:05;2022-12-15 17:58:09;2022-05-16 19:40:27;2022-05-27 20:46:26;2022-05-26 17:44:24;2022-05-29 06:41:29;2022-05-28 09:08:15;2022-12-10 13:02:59;2022-11-04 08:05:02;2022-10-20 18:33:27;2022-06-13 01:10:28;2022-12-05 09:44:44;2022-09-24 14:48:01;2022-12-09 23:40:51;2022-12-17 22:09:24;2022-12-05 07:38:53;2022-11-18 15:14:10;2022-11-03 09:32:10;2022-06-12 13:53:01;2022-06-08 19:00:46;2023-09-24 03:26:03;2022-11-02 16:42:01;2022-12-03 01:45:42;2023-10-30 21:49:16;2022-05-25 19:04:31;2022-04-04 03:14:35;2022-11-19 05:15:52;2022-10-04 06:49:01;2022-11-03 16:22:09;2022-09-25 08:01:17;2022-11-03 22:49:35;2022-09-26 04:49:20;2022-12-18 10:31:34;2022-11-18 13:04:52;2022-06-12 05:17:00;2022-10-17 20:28:29;2022-12-15 11:06:49;2023-11-05 21:54:08;2023-10-11 05:57:49;2022-06-12 14:22:14;2022-06-14 06:28:15;2022-06-11 09:49:52;2022-06-26 02:17:14;2022-11-03 03:16:27;2022-12-16 13:26:52;2022-12-04 17:46:40;2022-11-19 15:23:21;2023-10-12 07:34:49;2022-05-31 12:43:17;2022-05-26 09:39:02;2022-04-07 18:03:48;2022-05-27 05:05:03;2022-12-14 15:42:27;2022-06-11 19:51:40;2023-09-24 06:14:58;2023-10-11 07:43:37;2023-10-08 17:34:44;2022-05-29 09:47:33;2023-11-06 09:41:01;2022-05-22 16:59:40;2022-11-03 16:16:09;2022-11-02 14:39:54;2022-04-07 04:38:10;2022-05-30 04:16:01;2022-11-03 20:05:02;2022-11-02 06:44:01;2022-11-19 06:21:43;2022-12-11 23:14:33;2023-11-06 03:48:19;2022-05-31 15:47:28;2022-10-15 11:40:30;2022-05-27 17:17:24;2022-06-13 15:08:29;2022-06-13 12:48:24;2022-04-04 13:14:23;2023-11-06 00:10:45;2023-10-11 09:33:26;2023-10-30 16:55:03;2022-10-22 12:09:36;2022-12-09 12:23:46;2022-11-19 00:19:24;2023-09-11 20:43:02;2023-10-11 16:52:12;2022-06-25 11:25:51;2022-05-27 00:38:34;2022-10-21 13:31:15;2022-10-03 15:25:31;2022-10-30 16:42:21;2023-10-11 15:14:13;2022-10-18 04:10:58;2022-06-02 20:17:47;2022-04-06 18:10:50;2022-06-08 16:27:29;2022-11-04 00:32:17;2022-06-22 18:26:43;2022-06-12 23:33:41;2022-11-03 14:07:49;2022-06-16 01:26:06;2022-06-12 02:01:50;2022-10-19 20:20:12;2022-04-07 14:53:42;2022-05-31 10:32:03;2023-10-11 03:55:21;2022-12-10 19:46:01;2022-10-28 10:30:28;2022-06-11 09:21:25;2022-06-11 17:50:57;2022-06-09 03:38:26;2023-10-12 21:31:50;2022-10-21 18:00:23;2022-06-10 00:04:32;2022-06-13 20:25:24;2022-11-19 20:23:13;2023-09-24 07:00:20;2022-05-25 15:32:26;2022-12-16 20:00:47;2022-10-27 15:39:00;2023-10-11 13:43:02;2022-06-01 07:16:58;2022-10-23 19:56:25;2022-12-15 08:59:44;2022-06-01 10:17:45;2022-11-03 20:43:05;2022-12-10 10:25:57;2022-10-27 04:20:58;2022-12-14 14:41:55;2022-06-17 15:45:30;2022-06-01 19:39:08;2022-11-05 02:11:10;2022-04-06 17:17:28;2022-12-11 20:59:53;2022-05-26 19:51:58;2023-10-11 19:17:16;2022-10-21 04:36:02;2022-06-10 05:34:48;2022-06-12 21:45:10;2023-10-12 06:03:51;2022-10-27 08:20:51;2022-06-24 20:26:25;2023-10-08 09:48:21;2022-11-03 00:01:32;2023-10-08 01:44:48;2023-10-12 19:14:58;2022-06-10 06:19:53;2022-12-04 02:37:15;2022-11-17 18:36:17;2022-04-07 23:52:05;2022-09-26 22:51:47;2022-11-22 13:16:33;2022-11-03 11:44:34;2022-12-11 12:12:03;2022-06-23 02:35:34;2022-06-25 05:59:53;2022-11-22 15:19:01;2022-09-26 17:53:35;2022-06-09 01:59:23;2023-09-12 07:28:04;2022-12-15 20:04:45;2022-12-04 11:14:38;2022-05-23 21:09:03;2023-10-15 03:06:47;2022-06-01 23:41:39;2022-04-06 02:19:51;2022-06-16 06:06:29;2022-06-11 21:17:53;2022-09-26 01:59:37;2022-06-01 04:12:30;2022-12-14 12:31:51;2022-11-04 06:10:49;2023-10-30 18:35:33;2022-05-25 22:35:45;2022-06-13 04:46:22;2022-12-11 00:12:04;2022-10-15 06:58:07;2022-10-04 03:53:53;2022-05-28 11:30:35;2022-06-17 14:34:53;2022-12-14 21:10:21;2022-11-04 00:40:35;2022-11-04 10:28:52;2023-11-05 18:33:49;2023-10-11 12:01:05;2022-10-04 13:12:24;2022-05-28 15:55:28;2022-12-13 18:25:53;2022-10-22 03:24:05;2022-12-14 23:14:48;2022-09-28 12:21:54;2023-10-30 09:09:16;2022-10-21 19:17:51;2022-09-27 02:46:09;2022-10-22 22:01:22;2022-04-08 18:50:51;2022-06-08 21:22:40;2022-06-25 00:09:28;2022-06-09 17:31:27;2022-11-03 04:51:05;2022-09-23 12:00:31;2022-06-09 10:37:58;2022-10-25 15:11:37;2022-12-15 02:32:27;2023-10-15 09:30:17;2022-06-01 18:14:45;2022-05-31 06:52:43;2022-05-17 18:59:53;2022-09-24 17:43:44;2023-09-11 17:58:56;2022-09-26 07:17:03;2022-11-18 10:48:04;2022-09-27 12:36:04;2023-11-05 15:19:54;2022-11-04 22:37:20;2022-09-26 06:54:25;2022-10-17 13:33:55;2022-11-22 02:11:45;2022-11-06 22:33:01;2022-06-18 05:08:41;2022-06-14 11:49:48;2022-12-09 15:31:12;2022-06-14 16:28:30;2022-10-26 00:07:22;2022-12-13 20:29:01;2022-11-05 06:46:31;2022-04-05 13:51:19;2023-10-31 01:54:13;2023-10-11 19:27:38;2022-12-10 01:32:14;2022-12-14 16:52:31;2022-11-30 23:27:53;2022-12-04 04:47:23;2022-06-08 23:22:09;2022-05-17 00:55:51;2022-05-16 22:07:50;2022-12-02 23:15:38;2022-10-16 20:21:49;2022-05-28 02:13:43;2022-10-30 02:34:42;2022-05-27 04:22:18;2023-11-05 23:25:15;2022-12-04 19:51:37;2022-06-16 00:39:57;2023-10-12 03:34:16;2022-10-16 09:20:05;2022-10-05 17:21:18;2022-09-26 16:30:06;2022-10-17 23:29:50;2022-06-10 02:36:52;2022-11-08 20:35:04;2022-10-29 18:29:20;2022-11-18 23:36:02;2022-10-30 04:50:27;2022-05-22 11:45:09;2023-10-30 19:29:56;2022-06-22 22:53:09;2022-05-29 16:40:18;2022-10-22 06:45:39;2022-05-23 14:09:05;2023-10-08 00:14:32;2022-05-31 00:26:02;2022-12-08 22:04:11;2022-12-16 08:55:01;2022-04-06 13:32:25;2022-10-28 05:39:31;2022-10-05 14:43:27;2022-10-27 20:07:05;2022-11-03 11:51:19;2023-10-08 14:31:34;2022-06-12 09:17:24;2023-10-11 06:20:20;2022-06-15 18:10:49;2022-10-17 08:36:15;2022-09-27 01:29:44;2022-05-28 21:08:29;2023-09-12 06:44:21;2022-06-14 22:04:58;2022-06-03 15:18:23;2023-09-12 02:36:41;2023-10-08 06:56:01;2023-09-12 08:11:04;2023-10-08 16:11:36;2022-10-18 13:59:53;2022-05-16 20:52:45;2022-11-21 13:00:31;2022-06-02 06:36:54;2022-06-02 08:34:41;2022-06-10 01:53:28;2022-10-30 21:38:56;2022-11-20 04:11:02;2022-12-16 15:36:31;2022-09-27 08:09:26;2022-05-22 07:49:30;2022-12-17 14:33:47;2022-06-13 08:48:56;2023-10-15 05:07:19;2022-10-29 07:11:43;2023-10-30 21:00:31;2022-06-01 10:27:22;2022-06-13 07:00:37;2022-12-09 19:07:50;2022-05-29 04:10:52;2022-11-01 10:30:04;2022-06-12 22:07:23;2022-05-17 14:25:54;2022-10-19 03:57:31;2022-10-15 02:15:26;2022-11-06 01:53:08;2022-05-20 12:00:24;2022-06-14 11:48:15;2022-11-19 10:50:23;2022-06-13 21:49:34;2022-10-16 14:41:37;2023-11-05 13:44:49;2022-10-28 21:21:10;2022-10-25 19:15:36;2022-10-29 20:44:23;2022-12-15 13:11:13;2022-11-04 22:30:41;2022-09-24 20:15:53;2022-06-03 11:22:10;2023-09-12 09:43:16;2022-04-07 20:43:48;2022-11-20 02:27:29;2022-06-09 18:58:42;2022-06-13 05:02:25;2022-06-24 15:59:14;2022-11-19 01:47:03;2022-04-06 23:24:19;2022-06-13 23:17:43;2022-11-20 06:20:39;2022-11-21 15:12:58;2023-10-30 20:15:22;2022-06-10 21:37:43;2022-05-28 03:49:31;2022-05-31 07:02:51;2022-11-19 23:17:59;2022-10-23 17:25:20;2022-06-25 10:14:30;2022-06-12 17:33:29;2022-05-27 07:34:04;2022-10-05 06:24:48;2022-12-15 04:37:43;2022-09-27 14:22:22;2022-10-23 05:40:05;2022-10-15 03:49:43;2022-11-18 01:27:23;2023-10-12 08:19:33;2022-06-15 12:51:08;2022-06-11 23:24:56;2022-12-15 08:52:59;2023-10-11 13:31:30;2023-10-08 03:59:40;2022-05-30 07:19:45;2023-10-11 06:57:53;2023-09-12 13:38:29;2023-11-06 04:39:21;2022-10-04 20:46:42;2022-04-07 10:15:25;2022-12-15 01:36:00;2022-05-30 23:26:01;2022-10-30 00:22:59;2023-09-23 21:59:42;2023-10-08 09:06:26;2022-06-14 07:40:50;2022-04-06 23:07:21;2022-06-01 16:38:04;2022-05-26 12:27:57;2022-06-10 16:09:32;2022-05-29 18:40:20;2022-05-26 09:57:55;2022-11-18 04:05:47;2022-04-08 10:24:43;2022-05-27 13:51:29;2023-10-11 16:05:11;2022-04-03 22:18:03;2022-10-20 01:24:14;2023-10-11 17:47:50;2023-10-08 16:56:40;2022-06-26 03:44:07;2022-10-22 00:48:44;2023-10-11 17:45:35;2022-06-13 02:26:48;2023-10-08 18:12:36;2022-11-04 11:17:07;2022-12-03 22:17:36;2022-05-29 11:04:39;2022-11-22 17:59:37;2022-04-04 22:34:11;2023-10-11 18:30:56;2022-05-16 18:28:45;2022-05-31 20:53:56;2022-06-09 08:36:36;2022-10-31 02:07:33;2022-05-31 18:49:11;2023-09-24 05:25:56;2022-06-14 08:26:49;2022-06-11 23:55:10;2022-05-30 14:07:09;2022-11-07 04:37:57;2022-10-05 12:15:33;2022-06-10 14:45:54;2022-06-11 06:56:44;2022-06-18 00:53:03;2023-11-06 08:46:59;2022-11-04 16:17:08;2023-10-11 02:08:41;2022-04-08 05:03:55;2022-10-30 12:06:46;2022-11-05 08:49:50;2023-10-12 15:49:10;2022-06-03 14:03:36;2022-10-22 19:26:11;2022-06-13 16:01:59;2022-11-04 03:15:31;2022-11-03 14:08:07;2023-09-23 23:31:02;2022-10-30 14:29:45;2022-12-16 19:58:39;2022-09-24 06:44:53;2022-05-27 20:01:07;2022-05-28 11:19:53;2022-05-31 17:30:47;2022-10-03 12:53:49;2022-11-07 15:09:11;2022-10-06 01:19:05;2022-06-12 05:50:49;2022-06-14 18:59:19;2022-06-11 15:34:31;2023-10-11 16:13:34;2022-11-05 00:41:56;2022-06-09 23:43:38;2022-11-03 18:29:44;2022-06-12 22:57:21;2023-10-12 18:26:49;2022-10-19 17:14:08;2022-06-15 07:42:08;2022-12-08 12:26:38;2022-11-03 18:31:21;2022-12-05 14:09:05;2022-05-21 02:40:04;2022-05-23 02:11:17;2022-11-08 15:50:22;2022-06-12 12:05:24;2023-10-11 08:38:26;2022-06-03 06:46:44;2022-10-20 07:54:48;2022-06-15 06:04:23;2022-06-26 07:11:00;2023-10-12 14:55:14;2022-10-19 07:45:12;2022-06-14 07:36:26;2022-12-16 17:52:55;2022-12-04 15:39:17;2022-12-09 12:35:26;2022-06-02 17:49:50;2023-11-06 07:11:02;2022-09-27 03:51:38;2022-12-17 00:58:09;2022-10-16 13:38:06;2022-06-25 20:34:08;2023-11-06 03:00:38;2022-10-15 11:46:50;2022-06-09 12:38:06;2022-11-20 14:18:06;2023-09-12 03:20:47;2022-09-28 10:06:23;2022-05-29 12:57:10;2022-06-02 13:01:23;2023-10-30 08:24:01;2023-10-11 20:59:45;2022-06-25 22:42:58;2022-06-16 10:37:08;2023-10-08 08:27:50;2022-12-14 06:19:59;2022-11-02 19:25:24;2022-12-15 13:03:08;2022-06-08 17:27:57;2022-06-16 20:00:16;2022-05-31 03:28:57;2023-09-12 12:08:26;2023-10-11 03:00:27;2023-09-12 12:53:19;2022-12-10 03:46:50;2022-09-28 04:57:22;2023-10-12 17:27:39;2022-12-14 19:02:31;2022-06-17 09:43:11;2023-09-24 13:29:09;2022-06-16 03:17:15;2022-05-25 05:19:50;2022-10-29 14:00:08;2022-11-18 06:17:39;2023-10-08 07:46:43;2022-04-05 18:04:19;2022-05-29 00:12:07;2023-11-05 21:00:35;2022-05-26 12:49:02;2022-10-16 18:16:14;2022-09-27 10:14:03;2022-06-15 10:36:15;2022-09-27 16:53:21;2022-04-08 14:36:07;2022-06-01 06:46:18;2022-10-21 11:44:32;2022-09-28 07:17:16;2022-05-19 23:06:59;2023-10-12 10:01:59;2023-10-11 11:58:33;2022-11-03 20:39:44;2022-06-01 16:21:57;2022-06-11 14:14:43;2022-10-27 11:43:02;2022-06-08 06:02:49;2023-10-11 22:29:40;2022-11-19 13:09:56;2022-06-13 18:29:58;2022-06-01 06:18:05;2022-12-16 02:26:25;2022-12-09 07:44:14;2022-10-04 01:25:30;2022-10-17 04:33:37;2022-11-05 10:36:46;2022-10-20 13:18:20;2022-06-13 14:27:47;2022-12-16 06:43:25;2023-09-12 00:48:36;2022-04-08 16:58:54;2022-09-28 00:04:23;2022-05-26 22:10:08;2023-11-05 19:19:47;2022-09-26 10:59:00;2022-10-23 10:25:45;2022-12-03 03:53:09;2022-12-03 12:45:20;2022-05-26 04:35:38;2022-06-14 12:02:03;2022-06-11 15:04:33;2022-05-24 11:53:10;2022-12-17 09:53:35;2023-10-12 01:56:11;2022-06-25 19:09:28;2022-12-03 10:24:10;2022-06-11 17:13:20;2022-12-01 12:40:30;2023-11-06 06:23:42;2023-10-30 13:44:41;2022-10-22 09:20:03;2022-06-13 01:27:46;2022-11-20 05:33:48;2022-06-14 00:30:38;2023-10-12 20:01:08;2022-11-30 21:02:12;2022-12-09 18:22:47;2022-05-17 09:45:25;2022-06-10 18:44:38;2022-11-03 02:38:11;2022-06-25 23:58:47;2022-05-30 21:21:13;2022-11-19 04:14:15;2022-06-16 10:32:24;2022-12-14 08:24:09;2022-05-21 17:55:43;2022-11-04 03:06:57;2022-10-28 08:12:33;2022-06-23 07:18:39;2022-06-17 01:18:49;2022-05-31 03:08:40;2022-11-02 21:39:37;2022-06-14 16:07:15;2022-05-24 04:41:22;2022-06-17 17:57:20;2023-09-24 11:50:31;2023-10-11 05:25:41;2022-05-29 21:40:14;2022-06-13 18:46:58;2022-11-19 17:38:25;2022-05-16 13:26:41;2022-10-23 22:15:04;2022-10-15 16:26:08;2022-11-02 19:19:33;2022-06-10 04:10:01;2022-05-17 09:21:20;2023-09-12 04:10:10;2023-11-06 01:58:58;2022-06-14 14:07:51;2022-04-07 05:01:00;2022-10-05 00:17:17;2022-04-04 08:12:57;2022-10-28 13:56:54;2022-11-02 18:55:00;2023-09-24 09:31:32;2022-06-11 20:01:53;2022-12-10 15:12:55;2022-10-31 04:18:46;2023-10-11 20:01:27;2022-10-26 21:24:37;2022-11-19 16:18:09;2022-11-18 19:05:11;2022-12-11 18:44:56;2022-06-10 08:05:37;2022-12-13 09:47:27;2022-05-28 05:17:46;2022-10-14 22:36:49;2022-06-01 22:44:47;2022-04-08 05:47:00;2022-05-25 00:12:16;2023-10-15 00:35:43;2023-10-11 20:12:53;2022-05-25 15:17:56;2023-09-11 19:41:32;2022-06-12 08:12:20;2023-10-15 06:30:38;2022-10-27 17:57:17;2022-12-13 04:15:13;2022-10-05 03:46:42;2023-10-30 17:40:38;2022-11-05 13:14:54;2023-10-30 07:38:50;2022-06-14 21:27:25;2023-10-11 10:25:22;2022-12-03 18:41:23;2022-11-03 17:45:15;2022-06-13 06:53:38;2022-12-02 21:10:24;2022-05-26 22:09:52;2022-09-25 05:00:09;2022-05-30 00:54:35;2022-11-03 08:24:43;2022-05-17 11:42:14;2023-09-12 11:21:34;2022-12-02 03:28:46;2022-04-08 23:01:48;2023-10-12 13:06:59;2022-10-23 00:33:32;2022-06-13 14:19:57;2022-04-05 18:32:26;2022-10-17 03:40:29;2022-06-08 13:08:14;2022-06-02 21:16:05;2023-09-24 10:19:58;2022-11-02 09:37:15;2022-06-12 04:07:15;2022-12-17 02:34:11;2022-04-05 09:38:49;2023-10-12 04:19:10;2022-05-26 19:05:48;2022-12-01 14:35:08;2022-06-15 21:04:52;2023-10-11 04:40:21;2022-12-10 21:56:42;2022-10-30 07:09:53;2022-10-27 02:03:48;2023-10-12 16:40:25;2023-10-30 11:31:23;2022-06-13 19:41:12;2022-04-08 16:58:37;2022-04-05 13:46:12;2023-10-15 11:37:31;2022-12-04 13:25:55;2022-06-12 06:16:38;2022-11-02 22:03:40;2023-09-24 15:57:26;2022-12-13 14:16:12;2022-12-09 20:53:27;2023-09-24 00:26:26;2023-09-12 01:35:06;2022-04-08 22:12:12;2022-12-13 12:05:32;2022-09-25 12:51:12;2022-10-26 02:30:40;2023-10-11 09:31:59;2022-06-02 16:52:19;2022-06-11 23:45:29;2022-06-12 03:37:19;2023-10-15 01:12:53;2023-10-30 15:24:57;2022-11-04 09:38:28;2022-12-15 06:54:37;2022-06-11 23:04:34;2022-09-26 21:44:54;2022-11-20 01:44:06;2022-12-13 16:17:03;2022-12-14 00:40:11;2022-05-29 03:20:23;2022-05-31 03:09:03;2022-12-15 15:48:36;2022-06-23 21:24:29;2022-12-09 02:37:58;2022-12-05 18:19:59;2022-06-25 17:05:23;2022-06-26 17:05:42;2022-06-09 16:46:36;2022-09-25 14:11:55;2022-06-03 04:13:39;2022-10-16 01:48:58;2023-10-15 13:02:00;2022-11-01 18:29:05;2022-11-18 21:00:52;2022-11-05 11:09:16;2022-12-13 22:31:19;2022-06-14 05:14:41;2023-10-11 18:42:48;2022-06-12 15:23:11;2022-10-16 01:52:19;2022-10-16 23:07:20;2022-09-25 06:45:42;2023-10-15 07:59:57;2022-06-23 14:25:21;2023-10-08 15:31:05;2022-05-26 13:31:09;2022-10-22 14:31:02;2022-09-25 22:32:20)、product_type(nan)、product_id(DEMO4;DEMO3;DEMO1;DEMO2;SR1605;SS1635)、grade(nan)、product_ind、test_step(nan)、bin、parameter、test_item、rework、lot、wafer、recipe,1.查看过去一个月，某款产品，bin1的数据,CP 、WS、Wafer Sort、BIN、Harbin、Bin Code、softbin
7,WS,Summary,bin_wafer,Wide,dws_ws_hardbin_wd,nan,1.查看过去一个月，某款产品，bin1的数据宽表,CP 、WS、Wafer Sort、、BIN、Harbin、Bin Code、softbin、wide、宽表
8,WS,Summary,param_wafer,Tall,dws_ws_param_wf,nan,1.查看某款产品，过去一周某一参数的明细,CP 、WS、Wafer Sort、parameter、test_item、参数、测试参数
9,WS,Summary,bb_wafer,Tall,dws_ws_bb_wf,nan,1.查看某一测试项的bb trend,CP 、WS、Wafer Sort、
10,WS,Summary,ett_wafer,Tall,dws_ws_ett_wf,nan,1.查看某一测试项的测试时间趋势,CP 、WS、Wafer Sort、
11,WS,Summary,funcbin_wafer,Tall,dws_ws_funcbin_wf,nan,1.查看某一产品，过去一月某一funcbin的趋势,CP 、WS、Wafer Sort、funcbin。Fail item
12,WS,Summary,fwl_wafer,Tall,dws_ws_fwl_wf,nan,1.查看某一测试项，过去一周，某一参数的fail wl趋势,CP 、WS、Wafer Sort、
13,WS,Summary,fwl_die,Tall,dws_ws_fwl_die,nan,暂时用不到,CP 、WS、Wafer Sort、
14,WS,Summary,marginl_wafer,Tall,dws_ws_rdmargin_wf,nan,暂时用不到,CP 、WS、Wafer Sort、
15,WS,Summary,pcollevel_wafer,Tall,dws_ws_pcollevel_wf,nan,1.查看某一测试项，过去一周，某一参数的fail pcoll趋势,CP 、WS、Wafer Sort、
16,WS,Raw,rawdata_bin,Tall,dwd_ws_hardbin_v,nan,,CP 、WS、Wafer Sort、
17,WS,Raw,rawdata_param,Tall,dwd_ws_param_die_v,nan,,CP 、WS、Wafer Sort、
18,WS,Raw,rawdata_bb,Tall,dwd_ws_bb_v,nan,1.查看某一wafer 某一测试项的bb map,CP 、WS、Wafer Sort、
19,WS,Raw,rawdata_bb_mark,Tall,dwd_ws_bb_mark_v,nan,,CP 、WS、Wafer Sort、
20,WS,Raw,rawdata_ett,Tall,dwd_ws_pf_ett_v,nan,,CP 、WS、Wafer Sort、
21,WS,Raw,rawdata_funcbin,Tall,dwd_ws_funcbin_v,nan,,CP 、WS、Wafer Sort、
22,WS,Raw,rawdata_vtdist,Tall,dwd_ws_vtdist_v,nan,1.查看某一wafer的vt分布,CP 、WS、Wafer Sort、
23,WS,Raw,rawdata_vtstat,Tall,dwd_ws_vt_ivs_stat_v,nan,,CP 、WS、Wafer Sort、
24,WS,Raw,rawdata_fwl,Tall,dwd_ws_fwl_v,nan,,CP 、WS、Wafer Sort、
25,WS,Raw,rawdata_margin,Tall,dwd_ws_rdmargin_v,nan,,CP 、WS、Wafer Sort、
26,WS,Raw,rawdata_pcollevel,Tall,dwd_ws_pcollevel_v,nan,,CP 、WS、Wafer Sort、
27,WS,Raw,rawdata_leakage_x8,Tall,dwd_ws_leakage_x8_v,nan,,CP 、WS、Wafer Sort、
28,History,Raw,weh,Tall,dwd_wip_weh_v,时间、product_type、product_id(nan)、step_type、stage(nan)&step_no(nan)&substep(nan)、lot_type、loop、module、stage(nan)、step_no(nan)、eqp、chamber、subchamber、lot、wafer,查看最近两周A站点的wafer履历,history、履历、run 货历史、wafer、qtime
29,History,Raw,leh,Tall,dwd_wip_leh_v,nan,查看最近两周A站点的lot履历,history、履历、run 货历史、lot
30,History,Raw,abnormal_label,Tall,dwd_abnormal_label,时间、stage(nan)、abnormal_type(nan)、abnormal_no(nan)、wafer,查询某一wafer触发了哪些异常标签,异常标签、pcrb、rrc、drb、mrb
31,FDC,Summary,indicator,Tall,dwd_fdc_indicator_dtl_v,时间、product_type(nan)、product_id(nan)、stage(nan)、stage(nan)&step_no、indicatorname、type、module、eqp_group、eqp_id(nan)、chamber、recipe、lot、wafer,查看某一机台最近一天某一indicator参数的趋势,FDC、indicator
32,WAT,Summary,param_wafer,Tall,dws_wat_param_wf,时间、product_type(nan)、product_id(nan)、parameter、recipe_name(nan)、parameter_type(nan)、limit_file(nan)&site_tested、program_name,查看某一WAT参数过去一周均值的趋势,WAT、电性测试、均值、中位数、标准差
33,WAT,Raw,rawdata_param,Tall,dwd_wat_param_v,nan,show 某一个WAT parameter多片wafer的sitemap叠图和gallery,WAT、电性测试、map、明细、raw
34,Offline,Summary,param_wafer,Tall,dws_met_offline_param_wf,时间、module(nan)、measure_item、eqp,1.查看某一Offline参数均值的趋势,offline、met offline、均值、中位数、标准差
35,Offline,Raw,rawdata_param,Tall,dwd_met_offline_param_v,nan,"1.查看某一个Offline parameter过去2个月的Xbar-R/S Trend及Rawdata chart；
2.查看某一个Offline 量测参数，某一wafer的sitemap叠图和gallery",offline、met offline、map、明细、raw
36,FT,Summary,wafer_info_prod,Tall,dwd_ft_fab_wafer_info_prod_v,时间、产品、lot_no(nan)、fab_lot(nan)、fab_wafer_no(nan)、test_step(nan),查看某一lot对应的fablot和fabwafer,FT 、Final Test
37,FT,Summary,lotinfo_prod,Tall,dwd_ft_lotinfo_prod_v,时间、产品、lot_no(nan)、wafer_lot_no(nan)(nan)、tout_no(nan)、tester_no(nan)、test_step(nan)、test_program(nan)、retest_flag(nan)、ewo(nan),查看某一产品，某一站点的最近一个月的lot良率趋势,FT 、Final Test
38,FT,Summary,yield_prod,Tall,dwd_ft_summary_yield_prod_v,时间、产品、lot_no(nan)、wafer_lot_no(nan)(nan)、tout_no(nan)、tester_no(nan)、test_step(nan)、test_program(nan)、retest_flag(nan)、ewo(nan),查看某一产品，某一站点的最近一个月的lot良率趋势,FT 、Final Test
39,FT,Summary,yield_mer_prod,Tall,dwd_ft_summary_yield_mer_prod_v,时间、产品、lot_no(nan)、wafer_lot_no(nan)(nan)、tout_no(nan)、tester_no(nan)、test_step(nan)、test_program(nan)、ewo(nan),查看某一产品，某一站点的最近一个月的lot final良率趋势,FT 、Final Test
40,FT,Summary,hardbin_prod,Tall,dwd_ft_summary_hardbin_prod_v,时间、产品、lot_no(nan)、test_flag(nan)、test_step(nan)、hard_bin(nan),查看某一lot，hardbin分布,FT 、Final Test
41,FT,Summary,hardbin_mer_prod,Tall,dwd_ft_summary_hardbin_mer_prod_v,时间、产品、lot_no(nan)、test_step(nan)、hard_bin(nan),查看某一lot，final的hardbin分布,FT 、Final Test
42,FT,Summary,softbin_prod,Tall,dwd_ft_summary_softbin_prod_v,时间、产品、lot_no(nan)、test_flag(nan)、test_step(nan)、tb_name(nan),查看某一lot，softbin分布,FT 、Final Test
43,FT,Summary,softbin_mer_prod,Tall,dwd_ft_summary_softbin_mer_prod_v,时间、产品、lot_no(nan)、test_step(nan)、tb_name(nan),查看某一lot，final的softbin分布,FT 、Final Test
44,FT,Summary,bin_die_prod,Tall,dwd_ft_bin_dielevel_summary_prod_v,时间、产品、lot_no(nan)、fab_lot(nan)、fab_wafer_no(nan)、test_step(nan)、tb_name(nan),查看某一lot，对应fab lot的hardbin分布,FT 、Final Test
45,FT,Summary,bin_dut_prod,Tall,dwd_ft_bin_dutlevel_summary_prod_v,时间、产品、lot_no(nan)、test_step(nan)、tb_name(nan),查看某一lot的hardbin Summary,FT 、Final Test
46,FT,Summary,tt_site_prod,Tall,dwd_ft_tt_sitelevel_summary_prod_v,时间、产品、tb_seq(nan)、tb_num(nan)、tb_name,查看某一产品，某一参数最近一周的平均值趋势,FT 、Final Test
47,FT,Summary,param_die_prod,Tall,dwd_ft_parameters_dielevel_summary_prod_v,时间、产品、lot_no(nan)、test_step(nan)、parameter,查看某一产品，某一参数最近一周的ft lot平均值趋势,FT 、Final Test
48,FT,Summary,param_die_wafer_prod,Tall,dwd_ft_parameters_dielevel_wafer_summary_prod_v,时间、产品、lot_no(nan)、fab_lot(nan)、fab_wafer_no(nan)、test_step(nan)、parameter,查看某一产品，某一参数最近一周的fab wafer平均值趋势,FT 、Final Test
49,FT,Summary,param_dut_prod,Tall,dwd_ft_parameters_dutlevel_summary_prod_v,时间、产品、lot_no(nan)、test_step(nan)、parameter,查看某一产品，某一参数最近一周的ft lot平均值趋势,FT 、Final Test
50,FT,Raw,rawdata_bin_die_prod,Tall,dwd_ft_bin_dielevel_rawdata_prod_v,时间、产品、lot_no(nan)、fab_lot(nan)、fab_wafer_no(nan)、test_step(nan)、tb_name(nan),查看某一lot，对应的fab bin map,FT 、Final Test
51,FT,Raw,rawdata_bin_dut_prod,Tall,dwd_ft_bin_dutlevel_rawdata_prod_v,时间、产品、lot_no(nan)、test_step(nan)、tb_name(nan),查看某一lot的dut map,FT 、Final Test
52,FT,Raw,rawdata_tt_site_prod,Tall,dwd_ft_tt_sitelevel_rawdata_prod_v,时间、产品、tb_seq(nan)、tb_num(nan)、tb_name(nan),查看某一lot ft siteLevel明细数据,FT 、Final Test
53,FT,Raw,rawdata_param_die_prod,Tall,dwd_ft_parameters_dielevel_rawdata_prod_v,时间、产品、lot_no(nan)、fab_lot(nan)、fab_wafer_no(nan)、test_step(nan)、parameter,,FT 、Final Test
54,FT,Raw,rawdata_param_dut_prod,Tall,dwd_ft_parameters_dutlevel_rawdata_prod_v,时间、产品、lot_no(nan)、test_step(nan)、parameter,,FT 、Final Test
55,INK,Summary,rule_wafer,Tall,dws_autoink_rule_wf,产品、rule_name(nan)、lot、wafer,查看某一wafer触发了哪些ink 规则,ink、auto ink
56,INK,Raw,rawdata,Tall,dwd_autoink_wafers_detail_v,时间、产品、rule_name、lot、wafer,查看某一wafer被ink的明细,ink、auto ink
57,Downgrade,Summary,check_result,Tall,dwd_ws_grade_check_result,时间、产品、CP_recipe、lot、wafer,查看某wafer的Downgrade信息,downgrade、降级
58,Downgrade,Raw,check_rawdata,Tall,dwd_ws_grade_check_result_detail,时间、产品、lot、wafer,查看某wafer的Downgrade明细,downgrade、降级
59,Others,Raw,material,Tall,dwd_fac_material,module(nan)、material_type(nan)、material_name(nan),查看某时间段/module/eqp 某lot的水化气上料信息,fac、水化气、上下料
